{"cameraMode":{"drawMode":0,"name":"Shaded","section":"Shading Mode"},"sceneLighting":true,"audioPlay":false,"sceneViewState":{"showFog":true,"showMaterialUpdate":false,"showSkybox":true,"showFlares":true,"showImageEffects":true,"showParticleSystems":true},"in2DMode":false,"pivot":{"x":-0.5482090711593628,"y":-5.333793640136719,"z":0.49392974376678469},"rotation":{"x":-0.699254035949707,"y":0.18664522469043733,"z":-0.19736871123313905,"w":-0.6612699031829834},"size":7.956330299377441,"orthographic":false}